{"cameraMode":{"drawMode":0,"name":"Shaded","section":"Shading Mode"},"sceneLighting":true,"audioPlay":false,"sceneViewState":{"m_AlwaysRefresh":false,"showFog":true,"showSkybox":true,"showFlares":true,"showImageEffects":true,"showParticleSystems":true,"showVisualEffectGraphs":true,"m_FxEnabled":true},"in2DMode":false,"pivot":{"x":-0.007488727569580078,"y":-7.6044206619262699,"z":-3.8794689178466799},"rotation":{"x":0.3990643322467804,"y":-0.05634821951389313,"z":0.02456028014421463,"w":0.9148874282836914},"size":8.707481384277344,"orthographic":false}