{"cameraMode":{"drawMode":0,"name":"Shaded","section":"Shading Mode"},"sceneLighting":true,"audioPlay":false,"sceneViewState":{"m_AlwaysRefresh":false,"showFog":true,"showSkybox":true,"showFlares":true,"showImageEffects":true,"showParticleSystems":true,"showVisualEffectGraphs":true,"m_FxEnabled":true},"in2DMode":false,"pivot":{"x":2.9639229774475099,"y":-4.682231903076172,"z":-0.3398599624633789},"rotation":{"x":0.3576299250125885,"y":-0.05180364474654198,"z":0.019854947924613954,"w":0.9322407841682434},"size":8.707481384277344,"orthographic":false}